/*
Navicat MySQL Data Transfer

Source Server         : localhost
Source Server Version : 50535
Source Host           : localhost:3306
Source Database       : yii-mysite

Target Server Type    : MYSQL
Target Server Version : 50535
File Encoding         : 65001

Date: 2014-06-23 17:41:06
*/

SET FOREIGN_KEY_CHECKS=0;

-- ----------------------------
-- Table structure for `category`
-- ----------------------------
DROP TABLE IF EXISTS `category`;
CREATE TABLE `category` (
  `in` int(11) NOT NULL AUTO_INCREMENT,
  `title_cat` varchar(255) DEFAULT NULL,
  `Des_cat` varchar(255) DEFAULT NULL,
  `user_id` int(11) NOT NULL,
  `parent_id` int(11) DEFAULT NULL,
  PRIMARY KEY (`in`),
  KEY `user_id` (`user_id`),
  KEY `parent_id` (`parent_id`),
  CONSTRAINT `category_ibfk_1` FOREIGN KEY (`parent_id`) REFERENCES `category` (`in`),
  CONSTRAINT `user_id` FOREIGN KEY (`user_id`) REFERENCES `user` (`user_id`)
) ENGINE=InnoDB AUTO_INCREMENT=73 DEFAULT CHARSET=utf8;

-- ----------------------------
-- Records of category
-- ----------------------------
INSERT INTO `category` VALUES ('1', 'Xã hội đời sống', 'Xã hội đời sống', '1', null);
INSERT INTO `category` VALUES ('2', 'Thể thao', 'Thể thao văn hóa', '5', null);
INSERT INTO `category` VALUES ('3', 'Công nghệ', 'Công nghệ thông tin', '1', null);
INSERT INTO `category` VALUES ('4', 'Pháp luật', 'Pháp luật xã hội', '12', null);
INSERT INTO `category` VALUES ('5', 'Giải trí', 'THông tin giải trí', '2', '1');
INSERT INTO `category` VALUES ('6', 'Văn hóa', 'Văn hóa xã hội', '32', '1');
INSERT INTO `category` VALUES ('7', 'Bóng đá', 'Thông tin bóng đá', '11', '2');
INSERT INTO `category` VALUES ('8', 'Tennis', 'Tennis', '1', '2');
INSERT INTO `category` VALUES ('9', 'Điện ảnh', 'Movie', '5', null);
INSERT INTO `category` VALUES ('10', 'Âm nhạc', 'Music', '88', null);
INSERT INTO `category` VALUES ('11', 'Hi tech', 'Hi tech', '2', '3');
INSERT INTO `category` VALUES ('12', 'The Voice', 'The Voice', '68', '10');
INSERT INTO `category` VALUES ('13', 'Xfactor', 'Xfactor', '1', '10');
INSERT INTO `category` VALUES ('14', 'US-UK', 'US-UK', '24', '10');
INSERT INTO `category` VALUES ('15', 'Kpop', 'Kpop', '95', '10');
INSERT INTO `category` VALUES ('16', 'Phim Trung Quốc', 'Phim Trung Quốc', '2', '9');
INSERT INTO `category` VALUES ('17', 'Phim Hàn Quốc', 'Phim Hàn Quốc', '22', '9');
INSERT INTO `category` VALUES ('69', 'Phim 18+', 'Phim 18+', '1', '9');
INSERT INTO `category` VALUES ('70', 'Phim Ấn Độ', 'Phim Ấn Độ', '1', '9');

-- ----------------------------
-- Table structure for `news`
-- ----------------------------
DROP TABLE IF EXISTS `news`;
CREATE TABLE `news` (
  `id` int(11) NOT NULL AUTO_INCREMENT,
  `catid` int(11) NOT NULL,
  `title` varchar(255) DEFAULT '',
  `content` varchar(255) DEFAULT NULL,
  `thumb` varchar(255) DEFAULT NULL,
  `pub_time` date DEFAULT NULL,
  `user_id` int(11) NOT NULL,
  PRIMARY KEY (`id`),
  KEY `catID` (`catid`),
  KEY `news_ibfk_user` (`user_id`),
  CONSTRAINT `news_ibfk_cat` FOREIGN KEY (`catID`) REFERENCES `category` (`in`),
  CONSTRAINT `news_ibfk_user` FOREIGN KEY (`user_id`) REFERENCES `user` (`user_id`)
) ENGINE=InnoDB AUTO_INCREMENT=232 DEFAULT CHARSET=utf8;

-- ----------------------------
-- Records of news
-- ----------------------------
INSERT INTO `news` VALUES ('1', '1', 'Tối qua, người Hà Nội đã thực sự đón rét đầu Đông', 'Không như vài đợt lạnh trước đó, ngày hôm qua, người Hà Nội đã thực sự cảm nhận được cái rét mùa Đông đang tràn về.cxvxv xcv', 'http://genk2.vcmedia.vn/dTUDlvZ9Pm5DNNPFeHeiGmyg5Bq4ag/Image/2014/05/536852679f40e-9767a.jpg', '2014-05-09', '0');
INSERT INTO `news` VALUES ('2', '4', 'Ngôi nhà hoa hồng tuyệt đẹp của \"ma nữ\" Trương Phương', 'Căn hộ của Trương Phương được cô chăm chút đến từng vật dụng nhỏ bé, tạo nên sự hài hòa và đồng nhất.', 'http://genk2.vcmedia.vn/thumb_w/600/dTUDlvZ9Pm5DNNPFeHeiGmyg5Bq4ag/Image/2014/05/5368ac83b2b34-6e75e.jpg', '2014-05-09', '1');
INSERT INTO `news` VALUES ('4', '2', '10 dấu hiệu chứng tỏ bạn đang hẹn hò với một chàng trai hoàn hảo', 'Chàng trai đó có thể không đẹp trai nhất, không khéo ăn nói nhất, không giỏi giang và tài năng nhất, nhưng chắc chắn, họ sẽ khiến bạn cảm thấy mình là người hạnh phúc nhất.', 'http://genk2.vcmedia.vn/dTUDlvZ9Pm5DNNPFeHeiGmyg5Bq4ag/Image/2014/05/lj0506cos09-f471b.jpg', '2014-05-09', '0');
INSERT INTO `news` VALUES ('5', '2', '\'Siêu vòng 1\' Liễu Nham lại khoe thân với cảnh tắm', 'Liễu Nham đã mang đến hình ảnh ma nữ sexy với cảnh tắm chung nóng bỏng cùng bạn diễn Giang Nhất Yến trong bộ phim \"Tứ đại danh bổ 2\".', 'http://genk2.vcmedia.vn/thumb_w/600/dTUDlvZ9Pm5DNNPFeHeiGmyg5Bq4ag/Image/2014/05/lj0506cos01-f471b.jpg', '2014-05-09', '2');
INSERT INTO `news` VALUES ('6', '1', 'Bí mật thời cắp sách của Messi, Ronaldo', 'Cho tới tận bây giờ, khi đã là 2 ngôi sao sáng nhất làng bóng đá thế giới, C.Ronaldo và Messi vẫn không khỏi đỏ mặt mỗi khi nhắc lại những câu chuyện thời còn cắp sách tới trường.', 'http://genk2.vcmedia.vn/dTUDlvZ9Pm5DNNPFeHeiGmyg5Bq4ag/Image/2014/05/lj0506cos10-f471b.jpg', '2014-05-09', '1');
INSERT INTO `news` VALUES ('7', '2', 'Sao MU bảnh bao diện vest dự tiệc', 'Thầy trò HLV David Moyes tham dự đêm gala từ thiện của Quỹ nhi đồng Liên hợp quốc (UNICEF). Đây là đối tác của nhà vô địch Ngoại hạng Anh trong nhiều năm qua.', 'http://genk2.vcmedia.vn/dTUDlvZ9Pm5DNNPFeHeiGmyg5Bq4ag/Image/2014/05/lj0506cos05-f471b.jpg', '2014-05-09', '0');
INSERT INTO `news` VALUES ('8', '1', 'Casillas bầu Quả bóng vàng cho Ronaldo', 'Thủ quân của Real Madrid tiết lộ anh đã bầu danh hiệu QBV 2013 cho đồng đội Cristiano Ronaldo sau những màn trình diễn chói sáng của cầu thủ người Bồ Đào Nha trong năm 2013.', 'http://genk2.vcmedia.vn/thumb_w/600/dTUDlvZ9Pm5DNNPFeHeiGmyg5Bq4ag/Image/2014/05/lj0506cos12-f471b.jpg', '2014-05-09', '2');
INSERT INTO `news` VALUES ('9', '3', '9 hài cốt liệt sĩ \'cậu Thủy\' tìm là xương lợn và mèo', 'Các mẫu xương được \'cậu Thủy\' cho là hài cốt liệt sĩ được xác định là xương lợn nái và xương mèo. Các di vật như: dép cao su, bi đông khắc tên liệt sĩ được làm giả của liệt sĩ.', 'http://genk2.vcmedia.vn/thumb_w/600/dTUDlvZ9Pm5DNNPFeHeiGmyg5Bq4ag/Image/2014/05/lj0506cos16-f471b.jpg', '2014-05-09', '0');
INSERT INTO `news` VALUES ('10', '3', 'Kẻ đâm chết vợ tại trụ sở công an lĩnh án chung thân', 'Tức giận vì khuyên vợ quay lại đoàn tụ không được, Việt dùng dao đâm chết vợ ngay trại trụ sở công an.', 'http://genk2.vcmedia.vn/dTUDlvZ9Pm5DNNPFeHeiGmyg5Bq4ag/Image/2014/05/lj0506cos17-f471b.jpg', '2014-05-09', '0');
INSERT INTO `news` VALUES ('11', '4', 'Bắt kẻ lừa đảo \'chạy\' vào trường cảnh sát', 'Nói là có khả năng chạy cho con anh Thạnh vào trường Trung cấp Cảnh sát TP.HCM với giá 230 triệu đồng, nhưng nhận tiền xong Bắc cao chạy xa bay.', 'http://genk2.vcmedia.vn/dTUDlvZ9Pm5DNNPFeHeiGmyg5Bq4ag/Image/2014/05/lj0506cos19-f471b.jpg', '2014-05-09', '1');
INSERT INTO `news` VALUES ('12', '3', 'Bác sĩ đánh vợ bầm dập, sẩy thai bị đề nghị truy tố', 'Loan vừa nhắm mắt để nhận hoa theo lời đề nghị của chồng, Kha Ly bất ngờ dùng dây xích trói tay chị này vào ổ khóa trong tình trạng khỏa thân. Vị bác sĩ còn dọa sẽ cắt cổ, chặt ngón tay, rạch mặt chị Loan…', 'http://genk2.vcmedia.vn/thumb_w/600/dTUDlvZ9Pm5DNNPFeHeiGmyg5Bq4ag/Image/2014/05/lj0506cos27-f471b.jpg', '2014-05-09', '0');
INSERT INTO `news` VALUES ('13', '2', 'Mọi sự chịu đựng đều có giới hạn', 'Mọi sự chịu đựng đều có giới hạn', 'http://img.v3.news.zdn.vn/w660/Uploaded/natmtz/2014_05_07/Ngo_Ngoc_Thu_1_1.jpg', '2014-05-09', '2');
INSERT INTO `news` VALUES ('14', '2', 'Vạch trần thủ đoạn Game Online lậu hoạt động chui tại Việt Nam', 'Suốt từ giai đoạn cuối năm 2010 trở lại đây, game online đã bị ngừng cấp phép tại Việt Nam, điều này đã khiến các doanh nghiệp trong nước lao đao vì tình hình kinh doanh khó khăn. Tận dụng \"lợi thế\" này, game lậu, đặc biệt là sản phẩm của những nhà phát h', 'http://webdata.vcmedia.vn/webdata/100/657b15gametqlau1.jpg', '0000-00-00', '0');
INSERT INTO `news` VALUES ('15', '1', 'Phòng tổng thống 140 triệu đồng/đêm tại khách sạn con rồng', 'Nằm trong tổ hợp Trung tâm hội nghị Quốc gia và hội trường Ba Đình mới tại quận Nam Từ Liêm (Hà Nội), khách sạn 5 sao JW Marriott được thiết kế với ý tưởng về sự quyền uy, cao quý của biểu tượng \"con rồng huyền thoại\". Căn phòng sang trọng bậc nhất tại kh', 'http://img.v3.news.zdn.vn/w660/Uploaded/abhuuah/2014_05_20/hotel11.jpg', '2014-05-22', '0');
INSERT INTO `news` VALUES ('17', '1', 'Cá chết dày đặc ở kênh Nhiêu Lộc, gom vớt không xuể', 'Dù đã được thu gom những ngày qua nhưng hàng ngàn xác cá vẫn đang trôi khắp kênh Nhiêu Lộc - Thị Nghè và phân hủy gây mùi hôi, ảnh hưởng đến cuộc sống người dân quanh khu vực.\r\nNhập mô tả cho ảnh\r\nĐến chiều ngày 21/5, mặc dù các công nhân vệ sinh môi trườ', 'http://img.v3.news.zdn.vn/w660/Uploaded/nphunsa/2014_05_21/anh_1.JPG', '2014-05-22', '0');
INSERT INTO `news` VALUES ('19', '1', 'Rước dâu bằng máy cày tự chế ở Nghệ An', 'Chiều 8/5, đám cưới của Khánh Lan, Minh Hằng ở xóm 9, xã Nghi Vạn (huyện Nghi Lộc, tỉnh Nghệ An) gây xôn xao bởi \"xe hoa\" là chiếc máy cày tự chế, được trang trí cầu kỳ.\r\nChiếc \"xe hoa\" được trang trí gần khoảng 200 quả bóng bay, 4 góc thùng xe là 4 cọc s', 'http://img.v3.news.zdn.vn/w660/Uploaded/rjsiy/2014_05_09/damcuoi5.jpg', '2014-05-22', '0');
INSERT INTO `news` VALUES ('20', '1', 'Chuyện chưa biết về những tuyệt kỹ võ roi đánh cướp', '<div class=\"content\" itemprop=\"articleBody\"><p><strong>Đệ nhất roi đánh cướp</strong><br>\r\n<span class=\"linebreak\"></span>\r\nLuận về võ công, không thể không nhắc đến đất võ Bình Định, cụ thể hơn là những địa danh như Thuận Truyền, An Vinh, An Thái. Đến gi', 'http://img.v3.news.zdn.vn/w660/Uploaded/xpcwvovb/2014_05_22/vo_su2.JPG', '2014-05-22', '0');
INSERT INTO `news` VALUES ('21', '1', 'Người Hà Nội thức trắng đêm đi... xin nước', 'Chỉ mới bước vào đợt nắng nóng đầu hè nhưng hàng nghìn hộ dân ở Hà Nội đã điêu đứng trước tình trạng cấp nước sạch nhỏ giọt hoặc mất nước kéo dài.\r\nNhiều nơi người dân phải bỏ tiền mua nước sạch với giá đắt đỏ, thậm chí tính đến chuyện khoan giếng để sử d', 'http://img.v3.news.zdn.vn/w660/Uploaded/mtfuc/2014_05_22/15a_PYAEjpg.jpg', '2014-05-22', '0');
INSERT INTO `news` VALUES ('22', '3', 'Nụ hôn ngọt ngào của teen Trần Phú ngay tại lễ bế giảng', ' \r\nTRANG CHỦ\r\nXÃ HỘI\r\nTHẾ GIỚI\r\nTHỊ TRƯỜNG\r\nTHỂ THAO\r\nSỐNG TRẺ\r\nPHÁP LUẬT\r\nTIN SÁCH\r\nGIẢI TRÍ\r\nÂM NHẠC\r\nPHIM ẢNH\r\nTHỜI TRANG\r\nCÔNG NGHỆ\r\nXE 360\r\nNHỊP SỐNG\r\nVIDEO\r\nẢNH\r\nTrướcSauTIN MỚI\r\nCamera tự động bắt vi phạm thay CSGT ở Đồng Nai\r\nGIÁO DỤC 12:00 NGÀY 2', 'http://img.v3.news.zdn.vn/w660/Uploaded/aobfuas/2014_05_22/tran_phu11_zing.jpg', '2014-05-22', '0');
INSERT INTO `news` VALUES ('23', '3', 'Chân dài Việt có chồng hoặc bạn trai lệch nhiều tuổi', 'Nhập mô tả cho ảnh\r\nSau cuộc thi Vietnam’s Next Top Model, Trà My gây chú ý vì gương mặt xinh đẹp hơn nhờ phẫu thuật mũi. Nhưng mới đây, chuyện tình cảm của cô cũng gây xôn xao. Chân dài sinh năm 1992 vừa công khai người bạn trai hơn cô 15 tuổi tên là Hoà', 'http://img.v3.news.zdn.vn/w660/Uploaded/wopthuo/2014_05_21/1_7.jpg', '2014-05-22', '0');
INSERT INTO `news` VALUES ('24', '4', 'Ronaldo, Messi sát cánh ở đội hình xuất sắc nhất châu Âu', 'Đội hình hay nhất châu Âu 2013/14 của BBC gây tranh cãi khi thiếu vắng các ngôi sao như David Alaba, Toni Kroos, Paul Pogba hay Luis Suarez.\r\nThủ môn: Thibaut Courtois (Atletico Madrid)\r\n\r\nMùa trước, Courtois đã đi vào lịch sử La Liga khi trở thành thủ mô', 'http://img.v3.news.zdn.vn/w660/Uploaded/SotnTJ/2014_05_21/Thibaut_Courtois.jpg', '2014-05-22', '0');
INSERT INTO `news` VALUES ('26', '4', 'Kiều nữ lái xe Lexus cán chết người bị hai năm tù', 'Diễm là người lái xe Lexus cán chết một thanh niên và bỏ chạy về nhà mà không đưa nạn nhân đi cấp cứu.\r\nTAND huyện Hàm Thuận Bắc (Bình Thuận) vừa tuyên phạt Nguyễn Thị Kiều Diễm (28 tuổi, ngụ Ma Lâm, Hàm Thuận Bắc) hai năm tù về tội vi phạm các quy định v', 'http://img.v3.news.zdn.vn/w660/Uploaded/mfssa/2014_05_22/dg3.jpg', '2014-05-22', '0');
INSERT INTO `news` VALUES ('27', '4', 'Cảnh sát phát hiện kho đồ chơi tình dục lớn ở Hà Nội', 'Lực lượng chức năng phát hiện hàng nghìn sản phẩm đồ chơi tình dục bất hợp pháp loại dành cho cả khách hàng nam và nữ.\r\nTrưa 21/5, Phòng cảnh sát Phòng chống tội phạm về công nghệ cao (Công an Hà Nội) phối hợp với Đội 13 quản lý thị trường Hà Nội kiểm tra', 'http://img.v3.news.zdn.vn/w660/Uploaded/fsmqv/2014_05_21/cogai.jpg', '2014-05-22', '0');
INSERT INTO `news` VALUES ('28', '5', 'Đại gia chơi siêu xe, xe sang theo cặp ở Hà Nội', ' Đại gia chơi siêu xe, xe sang theo cặp ở Hà NộiĐại gia chơi siêu xe, xe sang theo cặp ở Hà NộiĐại gia chơi siêu xe, xe sang theo cặp ở Hà NộiĐại gia chơi siêu xe, xe sang theo cặp ở Hà NộiĐại gia chơi siêu xe, xe sang theo cặp ở Hà Nội', 'http://img.v3.news.zdn.vn/w660/Uploaded/mfssa/2014_05_22/dg3.jpg', '2014-05-23', '0');
INSERT INTO `news` VALUES ('29', '5', 'Đội hình siêu WAGs nóng bỏng ở đại chiến Real - Atletico', 'Nữ phóng viên thể thao Sara Carbonero - bạn gái của thủ thành Iker Casillas (Real) luôn nằm trong danh sách những nàng WAGs gợi cảm và thông minh. Vừa mới sinh con chưa được bao lâu nhưng Sara đã sớm lấy lại được vóc dáng nuột nà thời son rỗi.\r\nHậu vệ\r\n\r\n', 'http://img.v3.news.zdn.vn/w660/Uploaded/sotntn/2014_05_22/wag01.jpg', '2014-05-23', '1');
INSERT INTO `news` VALUES ('30', '5', 'Bồ Ronaldo sáng kín bưng, chiều hở bạo', ' \r\nTRANG CHỦ\r\nXÃ HỘI\r\nTHẾ GIỚI\r\nTHỊ TRƯỜNG\r\nTHỂ THAO\r\nSỐNG TRẺ\r\nPHÁP LUẬT\r\nTIN SÁCH\r\nGIẢI TRÍ\r\nÂM NHẠC\r\nPHIM ẢNH\r\nTHỜI TRANG\r\nCÔNG NGHỆ\r\nXE 360\r\nNHỊP SỐNG\r\nVIDEO\r\nẢNH\r\nTrướcSauTIN MỚI\r\nSamsung Galaxy Tab S có giá từ 12,9 triệu đồng tại châu Âu\r\nHẬU TRƯỜNG', 'http://img.v3.news.zdn.vn/w660/Uploaded/sotntn/2014_05_22/iri1.jpg', '2014-05-23', '0');
INSERT INTO `news` VALUES ('31', '5', 'Top mỹ nhân Việt xứng danh nữ hoàng bãi biển', 'Khi cô khoác lên mình bộ bikini gợi cảm, hiếm ai có thể rời mắt. Đó cũng chính là lý do Mai Phương Thúy có khá nhiều bộ ảnh chụp bikini nóng bỏng, cuốn hút từ khi mới khởi nghiệp đến giờ.', 'http://img.v3.news.zdn.vn/w660/Uploaded/nutmjz/2014_05_23/5.jpg', '2014-05-23', '2');
INSERT INTO `news` VALUES ('32', '5', 'Lỗi thời trang khiến chị em mất điểm với nam giới', 'Đàn ông nào cũng say mê người đẹp và trên hết là vẻ đẹp của một người phụ nữ biết làm đẹp cho bản thân bằng cách ăn mặc thanh lịch đồng thời cũng phải hợp với xu hướng.\r\nNgười ta thường nói \"đàn ông yêu bằng mắt\" như để ám chỉ rằng đối với đàn ông ngoại h', 'http://img.v3.news.zdn.vn/w660/Uploaded/ycgmvvbt/2014_05_23/thoitrangloi2.jpg', '2014-05-23', '0');
INSERT INTO `news` VALUES ('33', '6', 'Rùng mình trước cảnh tượng cả loạt đấu sĩ bị bò tót đâm gục tại Tây Ban Nha', 'Lễ hội đấu bò trứ danh ở Madrid đã trở thành một thảm họa thật sự.\r\n\r\n“Đấu bò không phải là một môn thể thao, chưa bao giờ là như thế. Nó là một thảm kịch… Thảm kịch là cái chết của con bò”, đại văn hào Ernest Hemingway đã từng viết như vậy sau khi chứng ', 'http://kenh14.vcmedia.vn/thumb_w/600/QuickNewsK14/2126236/2014/05/img_20140522155439706.jpg', '2014-05-14', '1');
INSERT INTO `news` VALUES ('34', '6', 'Hà Nội: Cả làng bơm nước ao tù để dùng làm nước sinh hoạt hàng ngày', 'Cách đường ống dẫn nước sạch Sông Đà chỉ chưa đến 1km nhưng suốt 5 năm qua, người dân thôn Ngọc Than, xã Ngọc Mỹ (Quốc Oai, Hà Nội) phải bơm nước ao tù để sinh hoạt.\r\n\r\nHàng ngày, họ phải bơm nước ao tù trước đình Ngọc Than về bể lọc thủ công để phục vụ c', 'http://k14.vcmedia.vn/k:thumb_w/600/TUcCKsDLlXNsjUG7RZV5C4G4GPDR4i/Image/2014/05/3-7ce02/ha-noi-ca-lang-bom-nuoc-ao-tu-de-dung-lam-nuoc-sinh-hoat-hang-ngay.JPG', '2014-05-23', '0');
INSERT INTO `news` VALUES ('35', '6', 'Mất nước sạch dài ngày, người Hà Nội dùng cả máy giặt để dự trữ nước', '\r\n\r\nNhiều người phải xách xô, chậu,… đi để xin nước từ những nơi khác về dùng.\r\n\r\n\r\nKhông có nước sinh hoạt, nhiều người phải mua 30 nghìn đồng/bình nước 20 lít về để tắm. Anh Trần Mạnh Hùng (Siêu thị Tosy, Khu đô thị Xa La, Hà Đông, Hà Nội) cho biết: “Ng', 'http://k14.vcmedia.vn/TUcCKsDLlXNsjUG7RZV5C4G4GPDR4i/Image/2014/05/unnamed-(1)-24a8f.jpg', '2014-05-23', '0');
INSERT INTO `news` VALUES ('36', '6', 'Cận cảnh nhan sắc mặn mà của chị gái hot girl Huyền Baby', 'Thời gian qua, Thúy Loan – chị gái hot girl Huyền Baby rất được chú ý bởi nhan sắc trẻ trung và xinh đẹp không thua gì em gái mình.\r\n\r\nThời gian qua, hot girl Huyền Baby bất ngờ đăng tải một vài hình ảnh chụp chung với chị gái mình lên trang cá nhân và ng', 'http://k14.vcmedia.vn/G1Jv1ccccccccccccsoL5ly9WD81F5/Image/2014/05/10277395_10202637459630419_8878144370126211114_n-6c80c.jpg', '2014-05-23', '2');
INSERT INTO `news` VALUES ('39', '3', 'Venenatis Consulting', 'sollicitudin a,', 'http://img.v3.news.zdn.vn/w660/Uploaded/Nphunow/2014_05_23/411.jpg', '2014-05-24', '12');
INSERT INTO `news` VALUES ('40', '1', 'Amet Inc.', 'fermentum arcu. Vestibulum', 'http://img.v3.news.zdn.vn/w660/Uploaded/ywfau/2014_05_24/ancap_SEDHjpg.jpg', '2014-05-24', '87');
INSERT INTO `news` VALUES ('41', '6', 'Neque Sed LLP', 'semper, dui', 'http://genk2.vcmedia.vn/HFLZk9aryY5fqdC2HFsekZiBigmty/Image/2014/04/gra_kishi3-69b2e.jpg', '2014-05-24', '62');
INSERT INTO `news` VALUES ('42', '4', 'Leo Inc.', 'nibh. Phasellus nulla. Integer vulputate, risus', 'http://genk2.vcmedia.vn/thumb_w/600/HFLZk9aryY5fqdC2HFsekZiBigmty/Image/2014/04/ka016-69b2e.jpg', '2014-05-24', '57');
INSERT INTO `news` VALUES ('43', '2', 'Neque Venenatis Corp.', 'mi enim, condimentum eget,', 'http://genk2.vcmedia.vn/thumb_w/600/HFLZk9aryY5fqdC2HFsekZiBigmty/Image/2014/04/ka018-69b2e.jpg', '2014-05-24', '5');
INSERT INTO `news` VALUES ('44', '3', 'Malesuada Fames Ac Consulting', 'nisi. Aenean eget', 'http://genk2.vcmedia.vn/thumb_w/600/dTUDlvZ9Pm5DNNPFeHeiGmyg5Bq4ag/Image/2014/05/53799a2fc5fbe-d65c3.jpg', '2014-05-24', '6');
INSERT INTO `news` VALUES ('45', '2', 'Et Foundation', 'dictum ultricies ligula. Nullam enim. Sed nulla ante,', 'http://genk2.vcmedia.vn/thumb_w/600/dTUDlvZ9Pm5DNNPFeHeiGmyg5Bq4ag/Image/2014/05/53799a23c5fbc-d65c3.jpg', '2014-05-24', '11');
INSERT INTO `news` VALUES ('46', '3', 'Massa Mauris PC', 'eu, ligula. Aenean euismod mauris eu elit. Nulla', 'http://genk2.vcmedia.vn/thumb_w/600/dTUDlvZ9Pm5DNNPFeHeiGmyg5Bq4ag/Image/2014/05/537c915b6df37-d65c3.jpg', '2014-05-24', '82');
INSERT INTO `news` VALUES ('47', '6', 'Curabitur Egestas Nunc Ltd', 'pellentesque. Sed dictum. Proin', 'http://genk2.vcmedia.vn/thumb_w/600/dTUDlvZ9Pm5DNNPFeHeiGmyg5Bq4ag/Image/2014/05/537b28aa09251-d65c3.jpg', '2014-05-24', '88');
INSERT INTO `news` VALUES ('48', '4', 'Ut Tincidunt Orci PC', 'risus. Duis a mi fringilla mi lacinia', 'http://genk2.vcmedia.vn/thumb_w/600/dTUDlvZ9Pm5DNNPFeHeiGmyg5Bq4ag/Image/2014/05/536c71cb0d321-d65c3.jpg', '2014-05-24', '93');
INSERT INTO `news` VALUES ('49', '6', 'Molestie Foundation', 'eu neque pellentesque massa lobortis ultrices.', 'http://genk2.vcmedia.vn/thumb_w/600/dTUDlvZ9Pm5DNNPFeHeiGmyg5Bq4ag/Image/2014/05/1-(1)-5e536.jpg', '2014-05-24', '22');
INSERT INTO `news` VALUES ('50', '3', 'Congue In Scelerisque Ltd', 'Integer urna. Vivamus molestie', 'http://genk2.vcmedia.vn/thumb_w/600/dTUDlvZ9Pm5DNNPFeHeiGmyg5Bq4ag/Image/2014/05/537f557eb7c2d-5e536.jpg', '2014-05-24', '32');
INSERT INTO `news` VALUES ('51', '3', 'Eros Foundation', 'justo', 'http://genk2.vcmedia.vn/thumb_w/600/HFLZk9aryY5fqdC2HFsekZiBigmty/Image/2014/04/ka031-69b2e.jpg', '2014-05-24', '72');
INSERT INTO `news` VALUES ('52', '5', 'Morbi Non Sapien Corp.', 'vel sapien imperdiet ornare. In', 'http://genk2.vcmedia.vn/thumb_w/600/HFLZk9aryY5fqdC2HFsekZiBigmty/Image/2014/04/ka037-69b2e.jpg', '2014-05-24', '24');
INSERT INTO `news` VALUES ('53', '6', 'Fusce Institute', 'elit, pharetra ut,', 'http://genk2.vcmedia.vn/thumb_w/600/dTUDlvZ9Pm5DNNPFeHeiGmyg5Bq4ag/Image/2014/05/537b03a53e862-5e536.jpg', '2014-05-24', '18');
INSERT INTO `news` VALUES ('54', '2', 'Phasellus Vitae Associates', 'gravida non, sollicitudin a, malesuada id, erat. Etiam vestibulum', 'http://genk2.vcmedia.vn/thumb_w/600/dTUDlvZ9Pm5DNNPFeHeiGmyg5Bq4ag/Image/2014/05/53774343888ea-5e536.jpg', '2014-05-24', '69');
INSERT INTO `news` VALUES ('55', '1', 'ante blandit viverra. Donec tempus, lorem fringilla ornare placerat, orci lacus vestibulum lorem, sit amet ultricies sem magna nec quam. Curabitur vel lectus. Cum sociis natoque penatibus et magnis dis parturient montes, nascetur ridiculus mus. Donec dign', 'ornare lectus justo eu arcu. Morbi sit amet massa. Quisque porttitor eros nec tellus. Nunc lectus pede, ultrices a, auctor non, feugiat nec, diam. Duis mi enim, condimentum eget, volutpat ornare, facilisis eget, ipsum. Donec sollicitudin adipiscing ligula', 'http://genk2.vcmedia.vn/thumb_w/600/dTUDlvZ9Pm5DNNPFeHeiGmyg5Bq4ag/Image/2014/05/537ca93ea29e1-d65c3.jpg', '0000-00-00', '1');
INSERT INTO `news` VALUES ('56', '16', 'molestie dapibus ligula. Aliquam erat volutpat. Nulla dignissim. Maecenas ornare egestas ligula. Nullam feugiat placerat velit. Quisque varius. Nam porttitor scelerisque neque. Nullam nisl. Maecenas malesuada fringilla est. Mauris eu turpis. Nulla aliquet', 'Suspendisse sed dolor. Fusce mi lorem, vehicula et, rutrum eu, ultrices sit amet, risus. Donec nibh enim, gravida sit amet, dapibus id, blandit at, nisi. Cum sociis natoque penatibus et magnis dis parturient montes, nascetur ridiculus mus. Proin vel nisl.', 'http://genk2.vcmedia.vn/dTUDlvZ9Pm5DNNPFeHeiGmyg5Bq4ag/Image/2014/05/247655-fc394.jpg', '0000-00-00', '0');
INSERT INTO `news` VALUES ('57', '2', 'egestas lacinia. Sed congue, elit sed consequat auctor, nunc nulla vulputate dui, nec tempus mauris erat eget ipsum. Suspendisse sagittis. Nullam vitae diam. Proin dolor. Nulla semper tellus id nunc interdum feugiat. Sed nec metus facilisis lorem tristiqu', 'eu, odio. Phasellus at augue id ante dictum cursus. Nunc mauris elit, dictum eu, eleifend nec, malesuada ut, sem. Nulla interdum. Curabitur dictum. Phasellus in felis. Nulla tempor augue ac ipsum. Phasellus vitae mauris sit amet lorem semper auctor. Mauri', 'http://genk2.vcmedia.vn/thumb_w/600/dTUDlvZ9Pm5DNNPFeHeiGmyg5Bq4ag/Image/2014/05/247672-fc394.jpg', '0000-00-00', '0');
INSERT INTO `news` VALUES ('63', '6', 'arcu. Vestibulum ut eros non enim commodo hendrerit. Donec porttitor tellus non magna. Nam ligula elit, pretium et, rutrum non, hendrerit id, ante. Nunc mauris sapien, cursus in, hendrerit consectetuer, cursus et, magna. Praesent interdum ligula eu enim. ', 'Curabitur ut odio vel est tempor bibendum. Donec felis orci, adipiscing non, luctus sit amet, faucibus ut, nulla. Cras eu tellus eu augue porttitor interdum. Sed auctor odio a purus. Duis elementum, dui quis accumsan convallis, ante lectus convallis est, ', 'http://genk2.vcmedia.vn/dTUDlvZ9Pm5DNNPFeHeiGmyg5Bq4ag/Image/2014/05/247710-fc394.jpg', '0000-00-00', '0');
INSERT INTO `news` VALUES ('73', '8', 'scelerisque scelerisque dui. Suspendisse ac metus vitae velit egestas lacinia. Sed congue, elit sed consequat auctor, nunc nulla vulputate dui, nec tempus mauris erat eget ipsum. Suspendisse sagittis. Nullam vitae diam. Proin dolor. Nulla semper tellus id', 'justo eu arcu. Morbi sit amet massa. Quisque porttitor eros nec tellus. Nunc lectus pede, ultrices a, auctor non, feugiat nec, diam. Duis mi enim, condimentum eget, volutpat ornare, facilisis eget, ipsum. Donec sollicitudin adipiscing ligula. Aenean gravi', 'http://genk2.vcmedia.vn/thumb_w/600/dTUDlvZ9Pm5DNNPFeHeiGmyg5Bq4ag/Image/2014/05/5375b69390c00-a7f2d.jpg', '0000-00-00', '0');
INSERT INTO `news` VALUES ('75', '11', 'feugiat. Sed nec metus facilisis lorem tristique aliquet. Phasellus fermentum convallis ligula. Donec luctus aliquet odio. Etiam ligula tortor, dictum eu, placerat eget, venenatis a, magna. Lorem ipsum dolor sit amet, consectetuer adipiscing elit. Etiam l', 'justo faucibus lectus, a sollicitudin orci sem eget massa. Suspendisse eleifend. Cras sed leo. Cras vehicula aliquet libero. Integer in magna. Phasellus dolor elit, pellentesque a, facilisis non, bibendum sed, est. Nunc laoreet lectus quis massa. Mauris v', 'http://genk2.vcmedia.vn/thumb_w/600/dTUDlvZ9Pm5DNNPFeHeiGmyg5Bq4ag/Image/2014/05/5378be4b83741-a7f2d.jpg', '0000-00-00', '0');
INSERT INTO `news` VALUES ('78', '5', 'Morbi metus. Vivamus euismod urna. Nullam lobortis quam a felis ullamcorper viverra. Maecenas iaculis aliquet diam. Sed diam lorem, auctor quis, tristique ac, eleifend vitae, erat. Vivamus nisi. Mauris nulla. Integer urna. Vivamus molestie dapibus ligula.', 'natoque penatibus et magnis dis parturient montes, nascetur ridiculus mus. Proin vel arcu eu odio tristique pharetra. Quisque ac libero nec ligula consectetuer rhoncus. Nullam velit dui, semper et, lacinia vitae, sodales at, velit. Pellentesque ultricies ', 'http://genk2.vcmedia.vn/thumb_w/600/dTUDlvZ9Pm5DNNPFeHeiGmyg5Bq4ag/Image/2014/05/5375e0d3acbb4-a7f2d.jpg', '0000-00-00', '0');
INSERT INTO `news` VALUES ('93', '2', 'auctor odio a purus. Duis elementum, dui quis accumsan convallis, ante lectus convallis est, vitae sodales nisi magna sed dui. Fusce aliquam, enim nec tempus scelerisque, lorem ipsum sodales purus, in molestie tortor nibh sit amet orci. Ut sagittis lobort', 'nunc risus varius orci, in consequat enim diam vel arcu. Curabitur ut odio vel est tempor bibendum. Donec felis orci, adipiscing non, luctus sit amet, faucibus ut, nulla. Cras eu tellus eu augue porttitor interdum. Sed auctor odio a purus. Duis elementum,', 'http://genk2.vcmedia.vn/thumb_w/600/dTUDlvZ9Pm5DNNPFeHeiGmyg5Bq4ag/Image/2014/05/53788c515f593-a7f2d.jpg', '0000-00-00', '0');
INSERT INTO `news` VALUES ('104', '11', 'at pede. Cras vulputate velit eu sem. Pellentesque ut ipsum ac mi eleifend egestas. Sed pharetra, felis eget varius ultrices, mauris ipsum porta elit, a feugiat tellus lorem eu metus. In lorem. Donec elementum, lorem ut aliquam iaculis, lacus pede sagitti', 'egestas a, scelerisque sed, sapien. Nunc pulvinar arcu et pede. Nunc sed orci lobortis augue scelerisque mollis. Phasellus libero mauris, aliquam eu, accumsan sed, facilisis vitae, orci. Phasellus dapibus quam quis diam. Pellentesque habitant morbi tristi', 'http://genk2.vcmedia.vn/thumb_w/600/dTUDlvZ9Pm5DNNPFeHeiGmyg5Bq4ag/Image/2014/05/536e15af73003-83936.jpg', '0000-00-00', '0');
INSERT INTO `news` VALUES ('107', '8', 'ultrices sit amet, risus. Donec nibh enim, gravida sit amet, dapibus id, blandit at, nisi. Cum sociis natoque penatibus et magnis dis parturient montes, nascetur ridiculus mus. Proin vel nisl. Quisque fringilla euismod enim. Etiam gravida molestie arcu. S', 'dui augue eu tellus. Phasellus elit pede, malesuada vel, venenatis vel, faucibus id, libero. Donec consectetuer mauris id sapien. Cras dolor dolor, tempus non, lacinia at, iaculis quis, pede. Praesent eu dui. Cum sociis natoque penatibus et magnis dis par', 'http://genk2.vcmedia.vn/dTUDlvZ9Pm5DNNPFeHeiGmyg5Bq4ag/Image/2014/05/lj0520cos01-99436.jpg', '0000-00-00', '0');
INSERT INTO `news` VALUES ('111', '3', 'montes, nascetur ridiculus mus. Donec dignissim magna a tortor. Nunc commodo auctor velit. Aliquam nisl. Nulla eu neque pellentesque massa lobortis ultrices. Vivamus rhoncus. Donec est. Nunc ullamcorper, velit in aliquet lobortis, nisi nibh lacinia orci, ', 'venenatis a, magna. Lorem ipsum dolor sit amet, consectetuer adipiscing elit. Etiam laoreet, libero et tristique pellentesque, tellus sem mollis dui, in sodales elit erat vitae risus. Duis a mi fringilla mi lacinia mattis. Integer eu lacus. Quisque imperd', 'http://genk2.vcmedia.vn/thumb_w/600/HFLZk9aryY5fqdC2HFsekZiBigmty/Image/2014/05/1-2cf84.jpg', '0000-00-00', '0');
INSERT INTO `news` VALUES ('115', '7', 'Fusce mi lorem, vehicula et, rutrum eu, ultrices sit amet, risus. Donec nibh enim, gravida sit amet, dapibus id, blandit at, nisi. Cum sociis natoque penatibus et magnis dis parturient montes, nascetur ridiculus mus. Proin vel nisl. Quisque fringilla euis', 'Cras dolor dolor, tempus non, lacinia at, iaculis quis, pede. Praesent eu dui. Cum sociis natoque penatibus et magnis dis parturient montes, nascetur ridiculus mus. Aenean eget magna. Suspendisse tristique neque venenatis lacus. Etiam bibendum fermentum m', 'http://genk2.vcmedia.vn/dTUDlvZ9Pm5DNNPFeHeiGmyg5Bq4ag/Image/2014/05/lj0520cos02-99436.jpg', '0000-00-00', '0');
INSERT INTO `news` VALUES ('120', '1', 'arcu. Vivamus sit amet risus. Donec egestas. Aliquam nec enim. Nunc ut erat. Sed nunc est, mollis non, cursus non, egestas a, dui. Cras pellentesque. Sed dictum. Proin eget odio. Aliquam vulputate ullamcorper magna. Sed eu eros. Nam consequat dolor vitae ', 'nulla at sem molestie sodales. Mauris blandit enim consequat purus. Maecenas libero est, congue a, aliquet vel, vulputate eu, odio. Phasellus at augue id ante dictum cursus. Nunc mauris elit, dictum eu,', 'http://genk2.vcmedia.vn/thumb_w/600/dTUDlvZ9Pm5DNNPFeHeiGmyg5Bq4ag/Image/2014/05/5378be7583744-a7f2d.jpg', '0000-00-00', '0');
INSERT INTO `news` VALUES ('124', '10', 'commodo at, libero. Morbi accumsan laoreet ipsum. Curabitur consequat, lectus sit amet luctus vulputate, nisi sem semper erat, in consectetuer ipsum nunc id enim.', 'orci. Donec nibh. Quisque nonummy ipsum non arcu. Vivamus sit amet risus. Donec egestas. Aliquam nec enim. Nunc ut erat. Sed nunc est, mollis non, cursus non, egestas a, dui. Cras pellentesque. Sed dictum. Proin eget odio. Aliquam vulputate ullamcorper ma', null, '0000-00-00', '0');
INSERT INTO `news` VALUES ('130', '14', 'dapibus id, blandit at, nisi. Cum sociis natoque penatibus et magnis dis parturient montes, nascetur ridiculus mus. Proin vel nisl. Quisque fringilla euismod enim. Etiam gravida molestie arcu. Sed eu nibh vulputate mauris sagittis placerat. Cras dictum ul', 'Nunc laoreet lectus quis massa. Mauris vestibulum, neque sed dictum eleifend, nunc risus varius orci, in consequat enim diam vel arcu. Curabitur ut odio vel est tempor bibendum. Donec felis orci, adipiscing non, luctus sit amet, faucibus ut, nulla. Cras e', 'http://genk2.vcmedia.vn/thumb_w/600/dTUDlvZ9Pm5DNNPFeHeiGmyg5Bq4ag/Image/2014/05/246688-fadf0.jpg', '0000-00-00', '0');
INSERT INTO `news` VALUES ('132', '8', 'justo eu arcu. Morbi sit amet massa. Quisque porttitor eros nec tellus. Nunc lectus pede, ultrices a, auctor non, feugiat nec, diam. Duis mi enim, condimentum eget, volutpat ornare, facilisis eget, ipsum. Donec sollicitudin adipiscing ligula. Aenean gravi', 'eu neque pellentesque massa lobortis ultrices. Vivamus rhoncus. Donec est. Nunc ullamcorper, velit in aliquet lobortis, nisi nibh lacinia orci, consectetuer euismod est arcu ac orci. Ut semper pretium neque. Morbi quis urna. Nunc quis arcu vel quam dignis', null, '0000-00-00', '0');
INSERT INTO `news` VALUES ('136', '12', 'egestas, urna justo faucibus lectus, a sollicitudin orci sem eget massa. Suspendisse eleifend. Cras sed leo. Cras vehicula aliquet libero. Integer in magna. Phasellus dolor elit, pellentesque a, facilisis non, bibendum sed, est. Nunc laoreet lectus quis m', 'velit. Pellentesque ultricies dignissim lacus. Aliquam rutrum lorem ac risus. Morbi metus. Vivamus euismod urna. Nullam lobortis quam a felis ullamcorper viverra. Maecenas iaculis aliquet diam. Sed diam lorem, auctor quis, tristique ac, eleifend vitae, er', 'http://genk2.vcmedia.vn/dTUDlvZ9Pm5DNNPFeHeiGmyg5Bq4ag/Image/2014/05/lj0520cos03-99436.jpg', '0000-00-00', '0');
INSERT INTO `news` VALUES ('140', '3', 'eros non enim commodo hendrerit. Donec porttitor tellus non magna. Nam ligula elit, pretium et, rutrum non, hendrerit id, ante. Nunc mauris sapien, cursus in, hendrerit consectetuer, cursus et, magna. Praesent interdum ligula eu enim. Etiam imperdiet dict', 'blandit congue. In scelerisque scelerisque dui. Suspendisse ac metus vitae velit egestas lacinia. Sed congue, elit sed consequat auctor, nunc nulla vulputate dui, nec tempus mauris erat eget ipsum. Suspendisse sagittis. Nullam vitae diam. Proin dolor. Nul', null, '0000-00-00', '0');
INSERT INTO `news` VALUES ('141', '16', 'vehicula et, rutrum eu, ultrices sit amet, risus. Donec nibh enim, gravida sit amet, dapibus id, blandit at, nisi. Cum sociis natoque penatibus et magnis dis parturient montes, nascetur ridiculus mus. Proin vel nisl. Quisque fringilla euismod enim. Etiam ', 'et magnis dis parturient montes, nascetur ridiculus mus. Proin vel arcu eu odio tristique pharetra. Quisque ac libero nec ligula consectetuer rhoncus. Nullam velit dui, semper et, lacinia vitae, sodales at, velit. Pellentesque ultricies dignissim lacus. A', 'http://genk2.vcmedia.vn/thumb_w/600/dTUDlvZ9Pm5DNNPFeHeiGmyg5Bq4ag/Image/2014/05/lj0520cos40-99436.jpg', '0000-00-00', '0');
INSERT INTO `news` VALUES ('146', '5', 'at, egestas a, scelerisque sed, sapien. Nunc pulvinar arcu et pede. Nunc sed orci lobortis augue scelerisque mollis. Phasellus libero mauris, aliquam eu, accumsan sed, facilisis vitae, orci. Phasellus dapibus quam quis diam. Pellentesque habitant morbi tr', 'Etiam bibendum fermentum metus. Aenean sed pede nec ante blandit viverra. Donec tempus, lorem fringilla ornare placerat, orci lacus vestibulum lorem, sit amet ultricies sem magna nec quam. Curabitur vel lectus. Cum sociis natoque penatibus et magnis dis p', 'http://genk2.vcmedia.vn/thumb_w/600/dTUDlvZ9Pm5DNNPFeHeiGmyg5Bq4ag/Image/2014/05/lj0520cos07-99436.jpg', '0000-00-00', '0');
INSERT INTO `news` VALUES ('148', '12', 'enim, gravida sit amet, dapibus id, blandit at, nisi. Cum sociis natoque penatibus et magnis dis parturient montes, nascetur ridiculus mus. Proin vel nisl. Quisque fringilla euismod enim. Etiam gravida molestie arcu. Sed eu nibh vulputate mauris sagittis ', 'at sem molestie sodales. Mauris blandit enim consequat purus. Maecenas libero est, congue a, aliquet vel, vulputate eu, odio. Phasellus at augue id ante dictum cursus. Nunc mauris elit, dictum eu, eleifend nec, malesuada ut, sem. Nulla interdum. Curabitur', 'http://genk2.vcmedia.vn/dTUDlvZ9Pm5DNNPFeHeiGmyg5Bq4ag/Image/2014/05/246652-fadf0.jpg', '0000-00-00', '0');
INSERT INTO `news` VALUES ('149', '15', 'odio vel est tempor bibendum. Donec felis orci, adipiscing non, luctus sit amet, faucibus ut, nulla. Cras eu tellus eu augue porttitor interdum. Sed auctor odio a purus. Duis elementum, dui quis accumsan convallis, ante lectus convallis est, vitae sodales', 'aliquet, metus urna convallis erat, eget tincidunt dui augue eu tellus. Phasellus elit pede, malesuada vel, venenatis vel, faucibus id, libero. Donec consectetuer mauris id sapien. Cras dolor dolor, tempus non, lacinia at, iaculis quis, pede. Praesent eu ', 'http://genk2.vcmedia.vn/thumb_w/600/HFLZk9aryY5fqdC2HFsekZiBigmty/Image/2014/05/14-2cf84.jpg', '0000-00-00', '0');
INSERT INTO `news` VALUES ('151', '16', 'augue malesuada malesuada. Integer id magna et ipsum cursus vestibulum. Mauris magna. Duis dignissim tempor arcu. Vestibulum ut eros non enim commodo hendrerit. Donec porttitor tellus non magna. Nam ligula elit, pretium et, rutrum non, hendrerit id, ante.', 'egestas. Aliquam nec enim. Nunc ut erat. Sed nunc est, mollis non, cursus non, egestas a, dui. Cras pellentesque. Sed dictum. Proin eget odio. Aliquam vulputate ullamcorper magna. Sed eu eros. Nam consequat dolor vitae dolor. Donec fringilla. Donec feugia', null, '0000-00-00', '0');
INSERT INTO `news` VALUES ('153', '10', 'Cras vehicula aliquet libero. Integer in magna. Phasellus dolor elit, pellentesque a, facilisis non, bibendum sed, est. Nunc laoreet lectus quis massa. Mauris vestibulum, neque sed dictum eleifend, nunc risus varius', 'nunc interdum feugiat. Sed nec metus facilisis lorem tristique aliquet. Phasellus fermentum convallis ligula. Donec luctus aliquet odio. Etiam ligula tortor, dictum eu, placerat eget, venenatis a, magna. Lorem ipsum dolor sit amet, consectetuer adipiscing', 'http://genk2.vcmedia.vn/dTUDlvZ9Pm5DNNPFeHeiGmyg5Bq4ag/Image/2014/05/lj0520cos39-99436.jpg', '0000-00-00', '0');
INSERT INTO `news` VALUES ('154', '14', 'tristique senectus et netus et malesuada fames ac turpis egestas. Fusce aliquet magna a neque. Nullam ut nisi a odio semper cursus. Integer mollis. Integer tincidunt aliquam arcu. Aliquam ultrices iaculis odio. Nam interdum enim non nisi. Aenean eget metu', 'odio. Nam interdum enim non nisi. Aenean eget metus. In nec orci. Donec nibh. Quisque nonummy ipsum non arcu. Vivamus sit amet risus. Donec egestas. Aliquam nec enim. Nunc ut erat. Sed nunc est, mollis non, cursus non, egestas a, dui. Cras pellentesque. S', 'http://genk2.vcmedia.vn/dTUDlvZ9Pm5DNNPFeHeiGmyg5Bq4ag/Image/2014/05/lj0520cos21-99436.jpg', '0000-00-00', '0');
INSERT INTO `news` VALUES ('156', '13', 'aliquam, enim nec tempus scelerisque, lorem ipsum sodales purus, in molestie tortor nibh sit amet orci. Ut sagittis lobortis mauris. Suspendisse aliquet molestie tellus. Aenean egestas hendrerit neque. In ornare sagittis felis. Donec tempor, est ac mattis', 'est, vitae sodales nisi magna sed dui. Fusce aliquam, enim nec tempus scelerisque, lorem ipsum sodales purus, in molestie tortor nibh sit amet orci. Ut sagittis lobortis mauris. Suspendisse aliquet molestie tellus. Aenean egestas hendrerit neque. In ornar', null, '0000-00-00', '0');
INSERT INTO `news` VALUES ('157', '2', 'rutrum non, hendrerit id, ante. Nunc mauris sapien, cursus in, hendrerit consectetuer, cursus et, magna. Praesent interdum ligula eu enim. Etiam imperdiet dictum magna. Ut tincidunt orci quis lectus. Nullam suscipit, est ac facilisis facilisis, magna tell', 'pede blandit congue. In scelerisque scelerisque dui. Suspendisse ac metus vitae velit egestas lacinia. Sed congue, elit sed consequat auctor, nunc nulla vulputate dui, nec tempus mauris erat eget ipsum. Suspendisse sagittis. Nullam vitae diam. Proin dolor', null, '0000-00-00', '0');
INSERT INTO `news` VALUES ('159', '6', 'magna. Ut tincidunt orci quis lectus. Nullam suscipit, est ac facilisis facilisis, magna tellus faucibus leo, in lobortis tellus justo sit amet nulla. Donec non justo. Proin non massa non ante bibendum ullamcorper. Duis cursus, diam at pretium aliquet, me', 'lacinia. Sed congue, elit sed consequat auctor, nunc nulla vulputate', 'http://genk2.vcmedia.vn/dTUDlvZ9Pm5DNNPFeHeiGmyg5Bq4ag/Image/2014/05/lj0520cos10-99436.jpg', '0000-00-00', '0');
INSERT INTO `news` VALUES ('163', '4', 'est, mollis non, cursus non, egestas a, dui. Cras pellentesque. Sed dictum. Proin eget odio. Aliquam vulputate ullamcorper magna. Sed eu eros. Nam consequat dolor vitae dolor. Donec fringilla. Donec feugiat metus sit amet ante. Vivamus non lorem vitae odi', 'sapien, gravida non, sollicitudin a, malesuada id, erat. Etiam vestibulum massa rutrum magna. Cras convallis convallis dolor. Quisque tincidunt pede ac urna. Ut tincidunt vehicula risus. Nulla eget metus eu erat semper rutrum. Fusce dolor quam, elementum ', 'http://genk2.vcmedia.vn/thumb_w/600/dTUDlvZ9Pm5DNNPFeHeiGmyg5Bq4ag/Image/2014/05/lj0520cos49-99436.jpg', '0000-00-00', '0');
INSERT INTO `news` VALUES ('166', '4', 'pharetra. Nam ac nulla. In tincidunt congue turpis. In condimentum. Donec at arcu. Vestibulum ante ipsum primis in faucibus orci luctus et ultrices posuere cubilia Curae; Donec tincidunt. Donec vitae erat vel pede blandit congue. In scelerisque scelerisqu', 'dictum. Phasellus in felis. Nulla tempor augue ac ipsum. Phasellus vitae mauris sit amet lorem semper auctor. Mauris vel turpis. Aliquam adipiscing lobortis risus. In mi pede, nonummy ut, molestie in, tempus eu, ligula. Aenean euismod mauris eu elit. Null', null, '0000-00-00', '0');
INSERT INTO `news` VALUES ('168', '8', 'libero lacus, varius et, euismod et, commodo at, libero. Morbi accumsan laoreet ipsum. Curabitur consequat, lectus sit amet luctus vulputate, nisi sem semper erat, in consectetuer ipsum nunc id enim. Curabitur massa. Vestibulum accumsan neque et', 'dolor egestas', null, '0000-00-00', '0');
INSERT INTO `news` VALUES ('173', '5', 'ut, nulla. Cras eu tellus eu augue porttitor interdum. Sed auctor odio a purus. Duis elementum, dui quis accumsan convallis, ante lectus convallis est, vitae sodales nisi magna sed dui. Fusce aliquam, enim nec tempus scelerisque, lorem ipsum sodales purus', 'nec ante blandit viverra. Donec tempus, lorem fringilla ornare placerat, orci lacus vestibulum lorem, sit amet ultricies sem magna nec quam. Curabitur vel lectus. Cum sociis natoque penatibus et magnis dis parturient montes, nascetur ridiculus mus. Donec ', 'http://genk2.vcmedia.vn/thumb_w/600/dTUDlvZ9Pm5DNNPFeHeiGmyg5Bq4ag/Image/2014/05/lj0520cos23-99436.jpg', '0000-00-00', '0');
INSERT INTO `news` VALUES ('177', '16', 'mauris sapien, cursus in, hendrerit consectetuer, cursus et, magna. Praesent interdum ligula eu enim. Etiam imperdiet dictum magna. Ut tincidunt orci quis lectus. Nullam suscipit, est ac facilisis facilisis, magna tellus faucibus leo, in lobortis tellus j', 'malesuada vel, venenatis vel, faucibus id, libero. Donec consectetuer mauris id sapien. Cras dolor dolor, tempus non, lacinia at, iaculis quis, pede. Praesent eu dui. Cum sociis natoque penatibus et magnis dis parturient montes, nascetur ridiculus mus. Ae', null, '0000-00-00', '0');
INSERT INTO `news` VALUES ('181', '1', 'Sed eu nibh vulputate mauris sagittis placerat. Cras dictum ultricies ligula. Nullam enim. Sed nulla ante, iaculis nec, eleifend non, dapibus rutrum, justo. Praesent luctus. Curabitur egestas nunc sed libero. Proin sed turpis nec mauris blandit mattis. Cr', 'Nulla dignissim. Maecenas ornare egestas ligula. Nullam feugiat placerat velit. Quisque varius. Nam porttitor scelerisque neque. Nullam nisl. Maecenas malesuada fringilla est. Mauris eu turpis. Nulla aliquet. Proin velit. Sed malesuada augue ut lacus. Nul', 'http://genk2.vcmedia.vn/dTUDlvZ9Pm5DNNPFeHeiGmyg5Bq4ag/Image/2014/05/lj0520cos25-99436.jpg', '0000-00-00', '0');
INSERT INTO `news` VALUES ('187', '4', 'lacinia. Sed congue, elit sed consequat auctor, nunc nulla vulputate dui, nec tempus mauris erat eget ipsum. Suspendisse sagittis. Nullam vitae diam. Proin dolor. Nulla semper tellus id nunc interdum feugiat. Sed nec metus facilisis lorem tristique alique', 'diam. Duis mi enim, condimentum eget, volutpat ornare, facilisis eget, ipsum. Donec sollicitudin adipiscing ligula. Aenean gravida nunc sed pede. Cum sociis natoque penatibus et magnis dis parturient montes, nascetur ridiculus mus. Proin vel arcu eu odio ', null, '0000-00-00', '0');
INSERT INTO `news` VALUES ('188', '4', 'ornare sagittis felis. Donec tempor, est ac mattis semper, dui lectus rutrum urna, nec luctus felis purus ac tellus. Suspendisse sed dolor. Fusce mi lorem, vehicula et, rutrum eu, ultrices sit amet, risus. Donec nibh enim, gravida sit amet, dapibus id, bl', 'Fusce mollis. Duis sit amet diam eu dolor egestas rhoncus. Proin nisl sem, consequat nec, mollis vitae, posuere at, velit. Cras lorem lorem, luctus ut, pellentesque eget, dictum placerat, augue. Sed molestie. Sed id risus quis diam luctus lobortis. Class ', null, '0000-00-00', '0');
INSERT INTO `news` VALUES ('191', '1', 'Huydzo1', 'Huydzo1', '548709_180881315389575_1932866884_n.jpg', '2014-05-29', '0');
INSERT INTO `news` VALUES ('228', '3', 'nsnfgfgfgfgfg', null, '', null, '0');
INSERT INTO `news` VALUES ('229', '3', 'nsnfgfgfgfgfg', null, '', null, '0');
INSERT INTO `news` VALUES ('230', '3', 'qaqaqa', 'qaqaqa', '', '2014-06-07', '0');
INSERT INTO `news` VALUES ('231', '3', 'qaqaqa', 'qaqaqa', '', '2014-06-07', '0');

-- ----------------------------
-- Table structure for `user`
-- ----------------------------
DROP TABLE IF EXISTS `user`;
CREATE TABLE `user` (
  `user_id` int(11) NOT NULL AUTO_INCREMENT,
  `password` varchar(255) DEFAULT NULL,
  `avatar` varchar(255) DEFAULT NULL,
  `email` varchar(255) DEFAULT NULL,
  `display_name` varchar(255) DEFAULT NULL,
  PRIMARY KEY (`user_id`)
) ENGINE=InnoDB AUTO_INCREMENT=180 DEFAULT CHARSET=utf8;

-- ----------------------------
-- Records of user
-- ----------------------------
INSERT INTO `user` VALUES ('1', 'sonha', null, 'sonha@gmail.com', 'sonha');
INSERT INTO `user` VALUES ('2', '123456', null, 'test2@yahoo.com', 'test2');
INSERT INTO `user` VALUES ('5', 'Lee', '', 'justo@odiotristique.com', 'Jerry Solis');
INSERT INTO `user` VALUES ('6', 'Aileen', '', 'molestie@maurisrhoncusid.edu', 'Coby Booth');
INSERT INTO `user` VALUES ('11', 'Shannon', '', 'lacus.Ut.nec@scelerisque.org', 'Howard Downs');
INSERT INTO `user` VALUES ('12', 'TaShya', '', 'a.nunc.In@vel.org', 'Amos Ware');
INSERT INTO `user` VALUES ('18', 'Desirae', '', 'Nulla.tincidunt.neque@Pellentesque.ca', 'Hashim Spencer');
INSERT INTO `user` VALUES ('22', 'Yvonne', '', 'in.tempus@nasceturridiculus.ca', 'Jesse Steele');
INSERT INTO `user` VALUES ('24', 'Ramona', '', 'montes.nascetur.ridiculus@vitaenibhDonec.org', 'Cruz Travis');
INSERT INTO `user` VALUES ('32', 'Leslie', '', 'sociis.natoque@ligulaeuenim.com', 'Demetrius Moreno');
INSERT INTO `user` VALUES ('57', 'Angela', '', 'In@tellussemmollis.edu', 'Steel Bailey');
INSERT INTO `user` VALUES ('62', 'Dana', '', 'nonummy@volutpatornare.org', 'Allen Joseph');
INSERT INTO `user` VALUES ('68', 'Pascale', '', 'molestie.pharetra@nibhvulputate.edu', 'Abbot Dixon');
INSERT INTO `user` VALUES ('69', 'Brenna', '', 'et.malesuada.fames@pellentesqueegetdictum.ca', 'Scott Powell');
INSERT INTO `user` VALUES ('72', 'Bryar', '', 'ante.Nunc.mauris@utpellentesque.edu', 'Cole Bailey');
INSERT INTO `user` VALUES ('82', 'Katelyn', '', 'Suspendisse.aliquet.molestie@etmalesuadafames.co.uk', 'Colt Everett');
INSERT INTO `user` VALUES ('87', 'Cynthia', '', 'Quisque@miAliquamgravida.edu', 'Lawrence Ayers');
INSERT INTO `user` VALUES ('88', 'Zelda', '', 'est@eutemporerat.co.uk', 'Marshall Henderson');
INSERT INTO `user` VALUES ('93', 'Zia', '', 'enim.Mauris@porttitor.net', 'Castor West');
INSERT INTO `user` VALUES ('94', '123456', null, 'huydzo@gmail.com', 'huydzo đẹp trại');
INSERT INTO `user` VALUES ('95', '123456', null, 'huydzo88@gmail.com', 'sdfsdf');
INSERT INTO `user` VALUES ('161', 'jghjghj', '1005042_509069765831887_1002296441_n.jpg', 'gh jghj', 'gh jgh');
INSERT INTO `user` VALUES ('166', 'mbnmbnm ', '992932_599755386713159_1571515003_n.jpg', 'bn mbnm', ' bnmbn mbn ');
INSERT INTO `user` VALUES ('171', ' xcxcvxcvxcvxc', '934926_187271351438459_1106645731_n.jpg', 'h vbn nvbnvn vbn', 'h vbn nvbnvn vbn');
INSERT INTO `user` VALUES ('172', 'Phương Blue', null, 'Phương Blue', 'Phương Blue');
INSERT INTO `user` VALUES ('173', 'Phương Blue', '1005042_509069765831887_1002296441_n.jpg', 'Phương Blue', 'Phương Blue');
INSERT INTO `user` VALUES ('174', 'bcvbcvbc', '20140621/1005042_509069765831887_1002296441_n.jpg', 'cv bcvb', 'cv bcv');
INSERT INTO `user` VALUES ('175', 'bnnnnnnnnnnnnnnnnnnnnnn', '20140621/h5-1370571904_500x0.jpg', 'bnnnnnnnnnnnnnnnnnnnnnn', 'bnnnnnnnnnnnnnnnnnnnnnn');
INSERT INTO `user` VALUES ('176', 'aaaaaaaaaaa', '20140621/', 'aaaaaaaaaa', 'aaaaaaaaaa');
INSERT INTO `user` VALUES ('177', 'ttttttttttttt', '20140621/1403319672DSC00615.JPG', 'ttttttttttttt', 'ttttttttttttt');
INSERT INTO `user` VALUES ('178', 'eeeeeeeeeeeeee', '20140621/1403319958f.png', 'eeeeeeeeeeeeee', 'eeeeeeeeeeeeee');
INSERT INTO `user` VALUES ('179', 'jjjjjjjjjjjjjjj', '20140621/', 'jjjjjjjjjjjjjjj', 'jjjjjjjjjjjjjjj');
